{
  "x": {
    "x[5,21,0,0]": 1.0,
    "x[6,19,0,0]": 1.0,
    "x[8,21,0,0]": 3.337737704063566e-11,
    "x[13,6,0,0]": 1.0,
    "x[19,5,0,0]": 1.0,
    "x[0,8,0,0]": 3.337737704063566e-11,
    "x[0,13,0,0]": 1.0,
    "x[14,21,0,1]": 3.337737704063566e-11,
    "x[0,14,0,1]": 3.337737704063566e-11,
    "x[2,8,1,0]": 1.0,
    "x[2,16,1,0]": 3.988436345563121e-10,
    "x[8,14,1,0]": 1.0,
    "x[14,21,1,0]": 1.0,
    "x[16,20,1,0]": 1.9348078694747525e-10,
    "x[18,2,1,0]": 1.0,
    "x[20,4,1,0]": 1.325303062472014e-10,
    "x[20,11,1,0]": 6.095048070027386e-11,
    "x[0,2,1,0]": 6.095048070027384e-11,
    "x[0,18,1,0]": 1.0
  },
  "y": {
    "y[9,12,0,0]": 1.0,
    "y[12,17,0,0]": 1.0,
    "y[17,21,0,0]": 1.0,
    "y[0,9,0,0]": 1.0,
    "y[3,10,0,1]": 2.0536284760883685e-10,
    "y[4,7,0,1]": 1.0,
    "y[4,21,0,1]": 2.0536284760883685e-10,
    "y[7,16,0,1]": 1.0,
    "y[10,3,0,1]": 2.0536284760883685e-10,
    "y[16,20,0,1]": 1.0,
    "y[20,21,0,1]": 1.0,
    "y[0,4,0,1]": 1.0000000002053628,
    "y[11,21,1,0]": 1.0,
    "y[0,11,1,0]": 1.0,
    "y[3,10,1,1]": 1.0,
    "y[10,21,1,1]": 1.0,
    "y[0,3,1,1]": 1.0,
    "y[1,21,1,2]": 1.0,
    "y[15,1,1,2]": 1.0,
    "y[0,15,1,2]": 1.0
  },
  "T1": {},
  "T": {
    "T[0,0]": 11.323978831460813,
    "T[0,1]": 11.49559204643547,
    "T[1,0]": 5.706727384221939,
    "T[1,1]": 9.820906748862278,
    "T[1,2]": 7.323964433191117
  },
  "A": {
    "A[0]": 21.99802602639338,
    "A[1]": 19.15056004851267
  },
  "B": {
    "B[0]": 22.819570877896282,
    "B[1]": 22.851598566275335
  },
  "L_w": 60,
  "L_d": 11.666666667,
  "staff_velocity": 0.583334783,
  "drone_velocity": 1.166669566,
  "M_t": 2800,
  "M_d": 5,
  "num_staff": 2,
  "num_drone": 2,
  "use_ejection": true,
  "use_inter": true,
  "use_intra": true,
  "solver": "CPLEX",
  "solver_log": false,
  "num_worker": -1,
  "time_limit": 3600,
  "model_params": {},
  "Optimal": 22.851598558499017,
  "Solve_Time": 3676.3144085407257,
  "num_constraint": 33629,
  "Number of variables": 33161,
  "status": "FEASIBLE"
}