{
  "x": {
    "x[6,21,0,0]": 1.0,
    "x[9,6,0,0]": 1.0,
    "x[0,9,0,0]": 1.0,
    "x[1,3,1,0]": 1.0,
    "x[3,16,1,0]": 1.0,
    "x[8,14,1,0]": 1.0,
    "x[11,21,1,0]": 1.0,
    "x[14,1,1,0]": 1.0,
    "x[16,19,1,0]": 1.0,
    "x[19,11,1,0]": 1.0,
    "x[0,8,1,0]": 1.0
  },
  "y": {
    "y[2,21,0,0]": 1.0,
    "y[0,2,0,0]": 1.0,
    "y[4,21,0,1]": 1.0,
    "y[13,4,0,1]": 1.0,
    "y[15,13,0,1]": 1.0,
    "y[0,15,0,1]": 1.0,
    "y[5,21,0,2]": 1.0,
    "y[0,5,0,2]": 1.0,
    "y[7,10,1,0]": 1.0,
    "y[10,20,1,0]": 1.0,
    "y[20,21,1,0]": 1.0,
    "y[0,7,1,0]": 1.0,
    "y[12,18,1,1]": 1.0,
    "y[17,21,1,1]": 1.0,
    "y[18,17,1,1]": 1.0,
    "y[0,12,1,1]": 1.0
  },
  "T1": {},
  "T": {
    "T[0,0]": 3.1875185567084463,
    "T[0,1]": 11.66101940670347,
    "T[0,2]": 8.120426030904843,
    "T[1,0]": 11.470626396075167,
    "T[1,1]": 9.654133741365385
  },
  "A": {
    "A[0]": 23.161728464181884,
    "A[1]": 22.92264355925714
  },
  "B": {
    "B[0]": 22.96896399431676,
    "B[1]": 21.124760137440553
  },
  "L_w": 60,
  "L_d": 11.666666667,
  "staff_velocity": 0.583334783,
  "drone_velocity": 1.166669566,
  "M_t": 2800,
  "M_d": 5,
  "num_staff": 2,
  "num_drone": 2,
  "use_ejection": true,
  "use_inter": true,
  "use_intra": true,
  "solver": "CPLEX",
  "solver_log": false,
  "num_worker": -1,
  "time_limit": 3600,
  "model_params": {},
  "Optimal": 23.161728464181884,
  "Solve_Time": 3649.465072631836,
  "num_constraint": 29405,
  "Number of variables": 28961,
  "status": "FEASIBLE"
}