{
  "x": {
    "x[1,9,0,0]": 1.0,
    "x[9,21,0,0]": 1.0,
    "x[10,1,0,0]": 1.0,
    "x[11,18,0,0]": 1.0,
    "x[18,10,0,0]": 1.0,
    "x[0,11,0,0]": 1.0,
    "x[6,20,1,0]": 1.0,
    "x[17,6,1,0]": 1.0,
    "x[20,21,1,0]": 1.0,
    "x[0,17,1,0]": 1.0
  },
  "y": {
    "y[15,19,0,0]": 1.0,
    "y[19,21,0,0]": 1.0,
    "y[0,15,0,0]": 1.0,
    "y[3,16,0,1]": 1.0,
    "y[5,3,0,1]": 1.0,
    "y[7,5,0,1]": 1.0,
    "y[16,21,0,1]": 1.0,
    "y[0,7,0,1]": 1.0,
    "y[12,21,1,0]": 1.0,
    "y[0,12,1,0]": 1.0,
    "y[2,8,1,1]": 1.0,
    "y[4,2,1,1]": 1.0,
    "y[8,14,1,1]": 1.0,
    "y[13,21,1,1]": 1.0,
    "y[14,13,1,1]": 1.0,
    "y[0,4,1,1]": 1.0
  },
  "T1": {},
  "T": {
    "T[0,0]": 4.352948116774147,
    "T[0,1]": 5.886701093868501,
    "T[1,0]": 2.29159548441801,
    "T[1,1]": 7.651871915407756
  },
  "A": {
    "A[0]": 10.433396965696835,
    "A[1]": 10.215742239949934
  },
  "B": {
    "B[0]": 10.239649210642648,
    "B[1]": 9.943467399825765
  },
  "L_w": 60,
  "L_d": 11.666666667,
  "staff_velocity": 0.583334783,
  "drone_velocity": 1.166669566,
  "M_t": 2800,
  "M_d": 5,
  "num_staff": 2,
  "num_drone": 2,
  "use_ejection": true,
  "use_inter": true,
  "use_intra": true,
  "solver": "CPLEX",
  "solver_log": false,
  "num_worker": -1,
  "time_limit": 3600,
  "model_params": {},
  "Optimal": 10.433396965696835,
  "Solve_Time": 3604.149798631668,
  "num_constraint": 26029,
  "Number of variables": 25609,
  "status": "FEASIBLE"
}