{
  "x": {
    "x[7,21,0,0]": 1.0,
    "x[8,7,0,0]": 1.0,
    "x[13,18,0,0]": 1.0,
    "x[14,20,0,0]": 1.0,
    "x[18,8,0,0]": 1.0,
    "x[20,13,0,0]": 1.0,
    "x[0,14,0,0]": 1.0,
    "x[1,17,1,0]": 1.0,
    "x[3,19,1,0]": 1.0,
    "x[4,3,1,0]": 1.0,
    "x[6,11,1,0]": 1.0,
    "x[10,16,1,0]": 1.0,
    "x[11,4,1,0]": 1.0,
    "x[16,6,1,0]": 1.0,
    "x[17,10,1,0]": 1.0,
    "x[19,21,1,0]": 1.0,
    "x[0,1,1,0]": 1.0
  },
  "y": {
    "y[5,21,0,0]": 1.0,
    "y[0,5,0,0]": 1.0,
    "y[2,21,1,0]": 1.0,
    "y[0,2,1,0]": 1.0,
    "y[12,21,1,1]": 1.0,
    "y[0,12,1,1]": 1.0,
    "y[15,21,1,2]": 1.0,
    "y[0,15,1,2]": 1.0,
    "y[9,21,1,3]": 1.0,
    "y[0,9,1,3]": 1.0
  },
  "T1": {},
  "T": {
    "T[0,0]": 11.615185945100022,
    "T[1,0]": 10.864767361267212,
    "T[1,1]": 8.193321104736953,
    "T[1,2]": 10.734849917757982,
    "T[1,3]": 7.992475684360789
  },
  "A": {
    "A[0]": 72.4157004462112,
    "A[1]": 72.93326923388446
  },
  "B": {
    "B[0]": 11.615185945100022,
    "B[1]": 37.78541406812294
  },
  "L_w": 60,
  "L_d": 11.666666667,
  "staff_velocity": 0.583334783,
  "drone_velocity": 1.166669566,
  "M_t": 2800,
  "M_d": 5,
  "num_staff": 2,
  "num_drone": 2,
  "use_ejection": true,
  "use_inter": true,
  "use_intra": true,
  "solver": "CPLEX",
  "solver_log": false,
  "num_worker": -1,
  "time_limit": 3600,
  "model_params": {},
  "Optimal": 72.93326923388446,
  "Solve_Time": 3618.313066482544,
  "num_constraint": 33629,
  "Number of variables": 33161,
  "status": "FEASIBLE"
}