{
  "x": {
    "x[1,20,0,0]": 1.69851575844085e-08,
    "x[5,13,0,0]": 7.631429655609318e-09,
    "x[13,5,0,0]": 7.631429655609318e-09,
    "x[14,19,0,0]": 1.0,
    "x[15,21,0,0]": 1.0,
    "x[19,15,0,0]": 1.0,
    "x[20,1,0,0]": 1.69851575844085e-08,
    "x[0,14,0,0]": 1.0,
    "x[2,7,0,1]": 6.91393329179282e-09,
    "x[7,2,0,1]": 6.91393329179282e-09,
    "x[7,11,0,1]": 6.91393329179282e-09,
    "x[8,21,0,1]": 7.901638047763224e-10,
    "x[11,7,0,1]": 6.91393329179282e-09,
    "x[0,8,0,1]": 7.901638047763224e-10,
    "x[1,12,0,2]": 1.5803276095526441e-09,
    "x[12,1,0,2]": 1.5803276095526441e-09,
    "x[3,18,0,3]": 7.901638047763224e-10,
    "x[18,21,0,3]": 7.901638047763224e-10,
    "x[1,20,0,5]": 7.901638047763224e-10,
    "x[20,5,0,5]": 7.901638047763224e-10,
    "x[4,9,0,16]": 7.901638047763224e-10,
    "x[9,4,0,16]": 7.901638047763224e-10,
    "x[1,12,1,0]": 1.0,
    "x[5,1,1,0]": 1.0,
    "x[11,19,1,0]": 7.689696547023435e-10,
    "x[12,13,1,0]": 1.3205656566267653e-08,
    "x[12,21,1,0]": 1.0,
    "x[13,12,1,0]": 1.3205656566267653e-08,
    "x[18,20,1,0]": 1.0,
    "x[18,21,1,0]": 1.9561864196514615e-09,
    "x[19,11,1,0]": 7.689696547023435e-10,
    "x[20,5,1,0]": 1.0,
    "x[0,18,1,0]": 1.0000000019561863,
    "x[18,12,1,13]": 6.70740458910138e-09,
    "x[0,18,1,13]": 6.70740458910138e-09,
    "x[3,18,1,14]": 3.742458049482017e-09,
    "x[18,3,1,14]": 3.742458049482017e-09
  },
  "y": {
    "y[1,20,0,0]": 7.689696547023435e-10,
    "y[8,17,0,0]": 1.0,
    "y[17,21,0,0]": 1.0,
    "y[20,1,0,0]": 7.689696547023435e-10,
    "y[0,8,0,0]": 1.0,
    "y[2,16,0,1]": 1.0,
    "y[6,21,0,1]": 1.0,
    "y[7,2,0,1]": 1.0,
    "y[11,6,0,1]": 1.0,
    "y[16,11,0,1]": 1.0,
    "y[0,7,0,1]": 1.0,
    "y[8,21,0,2]": 7.321841096138052e-10,
    "y[10,21,0,2]": 1.0,
    "y[12,1,0,2]": 7.321841096138052e-10,
    "y[0,8,0,2]": 7.321841096138052e-10,
    "y[0,10,0,2]": 1.0,
    "y[5,13,0,3]": 1.230294664808081e-08,
    "y[12,21,0,3]": 2.3374140460790694e-08,
    "y[20,5,0,3]": 2.0355697259815948e-08,
    "y[3,10,0,17]": 2.8168813966938285e-09,
    "y[10,3,0,17]": 2.8168813966938285e-09,
    "y[3,9,1,0]": 1.0,
    "y[4,21,1,0]": 1.0,
    "y[9,4,1,0]": 1.0,
    "y[13,3,1,0]": 1.0,
    "y[0,13,1,0]": 1.0,
    "y[2,7,1,1]": 1.522347914390129e-09,
    "y[3,13,1,1]": 1.0873913674215209e-09,
    "y[5,13,1,1]": 4.349565469686081e-10,
    "y[5,20,1,1]": 4.349565469686081e-10,
    "y[7,2,1,1]": 1.522347914390129e-09,
    "y[8,21,1,1]": 1.522347914390129e-09,
    "y[13,3,1,1]": 1.0873913674215209e-09,
    "y[13,5,1,1]": 4.349565469686081e-10,
    "y[20,5,1,1]": 4.349565469686081e-10,
    "y[0,8,1,1]": 1.522347914390129e-09,
    "y[3,10,1,6]": 1.8583694647491596e-09,
    "y[10,3,1,6]": 1.8583694647491596e-09
  },
  "T1": {},
  "T": {
    "T[0,0]": 1.5915037275897412,
    "T[0,1]": 5.715710392658663,
    "T[0,2]": 2.255399133008901,
    "T[0,17]": 5.915859149649142e-09,
    "T[1,0]": 9.417207633570587,
    "T[1,1]": 7.443363269687628e-09,
    "T[1,6]": 3.6963644897776396e-09
  },
  "A": {
    "A[0]": 8.535126664631973,
    "A[1]": 9.63013075582786
  },
  "B": {
    "B[0]": 9.562613259173165,
    "B[1]": 9.417207634194822
  },
  "L_w": 60,
  "L_d": 11.666666667,
  "staff_velocity": 0.583334783,
  "drone_velocity": 1.166669566,
  "M_t": 2800,
  "M_d": 5,
  "num_staff": 2,
  "num_drone": 2,
  "use_ejection": true,
  "use_inter": true,
  "use_intra": true,
  "solver": "CPLEX",
  "solver_log": false,
  "num_worker": -1,
  "time_limit": 3600,
  "model_params": {},
  "Optimal": 9.630130755827862,
  "Solve_Time": 3613.348744869232,
  "num_constraint": 31405,
  "Number of variables": 30949,
  "status": "FEASIBLE"
}