{
  "x": {
    "x[7,21,0,0]": 1.0,
    "x[12,7,0,0]": 1.0,
    "x[15,12,0,0]": 1.0,
    "x[18,15,0,0]": 1.0,
    "x[0,18,0,0]": 1.0,
    "x[1,17,1,0]": 1.0,
    "x[4,21,1,0]": 1.0,
    "x[17,20,1,0]": 1.0,
    "x[20,4,1,0]": 1.0,
    "x[0,1,1,0]": 1.0
  },
  "y": {
    "y[3,14,0,0]": 1.0,
    "y[14,21,0,0]": 1.0,
    "y[16,3,0,0]": 1.0,
    "y[0,16,0,0]": 1.0,
    "y[5,11,0,1]": 1.0,
    "y[10,19,0,1]": 1.0,
    "y[11,10,0,1]": 1.0,
    "y[19,21,0,1]": 1.0,
    "y[0,5,0,1]": 1.0,
    "y[2,21,1,0]": 1.0,
    "y[13,2,1,0]": 1.0,
    "y[0,13,1,0]": 1.0,
    "y[6,21,1,1]": 1.0,
    "y[8,6,1,1]": 1.0,
    "y[9,8,1,1]": 1.0,
    "y[0,9,1,1]": 1.0
  },
  "T1": {},
  "T": {
    "T[0,0]": 5.817476874982049,
    "T[0,1]": 5.570622940716853,
    "T[1,0]": 4.3726128903909744,
    "T[1,1]": 7.4760521361421866
  },
  "A": {
    "A[0]": 11.868449710412197,
    "A[1]": 10.938943535367319
  },
  "B": {
    "B[0]": 11.3880998156989,
    "B[1]": 11.848665026533162
  },
  "L_w": 60,
  "L_d": 11.666666667,
  "staff_velocity": 0.583334783,
  "drone_velocity": 1.166669566,
  "M_t": 2800,
  "M_d": 5,
  "num_staff": 2,
  "num_drone": 2,
  "use_ejection": true,
  "use_inter": true,
  "use_intra": true,
  "solver": "CPLEX",
  "solver_log": false,
  "num_worker": -1,
  "time_limit": 3600,
  "model_params": {},
  "Optimal": 11.868449710412197,
  "Solve_Time": 3602.7834429740906,
  "num_constraint": 24629,
  "Number of variables": 24221,
  "status": "FEASIBLE"
}