{
  "x": {
    "x[5,7,0,0]": 1.0,
    "x[7,21,0,0]": 1.0,
    "x[8,5,0,0]": 1.0,
    "x[11,17,0,0]": 1.0,
    "x[17,8,0,0]": 1.0,
    "x[0,11,0,0]": 1.0,
    "x[18,21,0,1]": 1.0,
    "x[0,18,0,1]": 1.0,
    "x[1,21,1,0]": 1.0,
    "x[2,14,1,0]": 1.0,
    "x[6,19,1,0]": 1.0,
    "x[12,2,1,0]": 1.0,
    "x[14,1,1,0]": 1.0,
    "x[15,6,1,0]": 1.0,
    "x[16,12,1,0]": 1.0,
    "x[19,16,1,0]": 1.0,
    "x[0,15,1,0]": 1.0
  },
  "y": {
    "y[20,21,0,0]": 1.0,
    "y[0,20,0,0]": 1.0,
    "y[3,21,0,1]": 1.0,
    "y[0,3,0,1]": 1.0,
    "y[9,13,0,2]": 1.0,
    "y[13,21,0,2]": 1.0,
    "y[0,9,0,2]": 1.0,
    "y[4,21,0,3]": 1.0,
    "y[10,4,0,3]": 1.0,
    "y[0,10,0,3]": 1.0
  },
  "T1": {},
  "T": {
    "T[0,0]": 10.827649408976173,
    "T[0,1]": 11.603046784453088,
    "T[0,2]": 11.588644228422957,
    "T[0,3]": 8.320827968879646
  },
  "A": {
    "A[0]": 75.25984863426008,
    "A[1]": 77.41437022036415
  },
  "B": {
    "B[0]": 42.34016839073186
  },
  "L_w": 60,
  "L_d": 11.666666667,
  "staff_velocity": 0.583334783,
  "drone_velocity": 1.166669566,
  "M_t": 2800,
  "M_d": 5,
  "num_staff": 2,
  "num_drone": 2,
  "use_ejection": true,
  "use_inter": true,
  "use_intra": true,
  "solver": "CPLEX",
  "solver_log": false,
  "num_worker": -1,
  "time_limit": 3600,
  "model_params": {},
  "Optimal": 77.41437022036415,
  "Solve_Time": 3623.9846386909485,
  "num_constraint": 29405,
  "Number of variables": 28961,
  "status": "FEASIBLE"
}