{
  "x": {
    "x[10,15,0,0]": 1.0,
    "x[13,21,0,0]": 1.0,
    "x[15,13,0,0]": 1.0,
    "x[16,10,0,0]": 1.0,
    "x[0,16,0,0]": 1.0,
    "x[1,14,1,0]": 1.0,
    "x[2,21,1,0]": 1.0,
    "x[8,2,1,0]": 1.0,
    "x[14,8,1,0]": 1.0,
    "x[0,1,1,0]": 1.0
  },
  "y": {
    "y[11,21,0,0]": 1.0,
    "y[19,11,0,0]": 1.0,
    "y[0,19,0,0]": 1.0,
    "y[4,21,0,1]": 1.0,
    "y[0,4,0,1]": 1.0,
    "y[5,21,0,2]": 1.0,
    "y[0,5,0,2]": 1.0,
    "y[3,20,1,0]": 1.0,
    "y[7,9,1,0]": 1.0,
    "y[9,3,1,0]": 1.0,
    "y[20,21,1,0]": 1.0,
    "y[0,7,1,0]": 1.0,
    "y[12,21,1,1]": 1.0,
    "y[17,18,1,1]": 1.0,
    "y[18,12,1,1]": 1.0,
    "y[0,17,1,1]": 1.0,
    "y[6,21,1,2]": 1.0,
    "y[0,6,1,2]": 1.0
  },
  "T1": {},
  "T": {
    "T[0,0]": 11.413412076538407,
    "T[0,1]": 6.264016746460004,
    "T[0,2]": 6.878348704901039,
    "T[1,0]": 11.63540213726598,
    "T[1,1]": 10.338852880050048,
    "T[1,2]": 2.8306099034286483
  },
  "A": {
    "A[0]": 24.898645513239508,
    "A[1]": 24.66812058943281
  },
  "B": {
    "B[0]": 24.55577752789945,
    "B[1]": 24.804864920744677
  },
  "L_w": 60,
  "L_d": 11.666666667,
  "staff_velocity": 0.583334783,
  "drone_velocity": 1.166669566,
  "M_t": 2800,
  "M_d": 5,
  "num_staff": 2,
  "num_drone": 2,
  "use_ejection": true,
  "use_inter": true,
  "use_intra": true,
  "solver": "CPLEX",
  "solver_log": false,
  "num_worker": -1,
  "time_limit": 3600,
  "model_params": {},
  "Optimal": 24.898645513239508,
  "Solve_Time": 3635.961566925049,
  "num_constraint": 26029,
  "Number of variables": 25609,
  "status": "FEASIBLE"
}