{
  "x": {
    "x[3,8,0,0]": 1.0,
    "x[6,14,0,0]": 1.0,
    "x[8,21,0,0]": 1.0,
    "x[9,3,0,0]": 1.0,
    "x[12,9,0,0]": 1.0,
    "x[14,15,0,0]": 1.0,
    "x[15,12,0,0]": 1.0,
    "x[0,6,0,0]": 1.0,
    "x[20,21,0,1]": 1.0,
    "x[0,20,0,1]": 1.0,
    "x[2,10,1,0]": 1.0,
    "x[4,19,1,0]": 1.0,
    "x[5,13,1,0]": 1.0,
    "x[7,18,1,0]": 1.0,
    "x[10,5,1,0]": 1.0,
    "x[11,2,1,0]": 1.0,
    "x[13,4,1,0]": 1.0,
    "x[18,21,1,0]": 1.0,
    "x[19,7,1,0]": 1.0,
    "x[0,11,1,0]": 1.0,
    "x[16,21,1,1]": 1.0,
    "x[0,16,1,1]": 1.0
  },
  "y": {
    "y[1,21,1,0]": 1.0,
    "y[0,1,1,0]": 1.0,
    "y[17,21,1,1]": 1.0,
    "y[0,17,1,1]": 1.0
  },
  "T1": {},
  "T": {
    "T[1,0]": 7.824630199349413,
    "T[1,1]": 8.528593746605896
  },
  "A": {
    "A[0]": 93.32584842993822,
    "A[1]": 92.63318002377667
  },
  "B": {
    "B[1]": 16.35322394595531
  },
  "L_w": 60,
  "L_d": 11.666666667,
  "staff_velocity": 0.583334783,
  "drone_velocity": 1.166669566,
  "M_t": 2800,
  "M_d": 5,
  "num_staff": 2,
  "num_drone": 2,
  "use_ejection": true,
  "use_inter": true,
  "use_intra": true,
  "solver": "CPLEX",
  "solver_log": false,
  "num_worker": -1,
  "time_limit": 3600,
  "model_params": {},
  "Optimal": 93.32584842993822,
  "Solve_Time": 3629.9144566059113,
  "num_constraint": 31405,
  "Number of variables": 30949,
  "status": "FEASIBLE"
}