{
  "x": {
    "x[3,11,0,0]": 1.0,
    "x[11,14,0,0]": 1.0,
    "x[14,21,0,0]": 1.0,
    "x[18,3,0,0]": 1.0,
    "x[0,18,0,0]": 1.0,
    "x[16,21,0,1]": 1.0,
    "x[0,16,0,1]": 1.0,
    "x[6,10,1,0]": 1.0,
    "x[10,15,1,0]": 1.0,
    "x[15,21,1,0]": 1.0,
    "x[0,6,1,0]": 1.0,
    "x[7,9,1,1]": 1.0,
    "x[9,21,1,1]": 1.0,
    "x[12,7,1,1]": 1.0,
    "x[20,12,1,1]": 1.0,
    "x[0,20,1,1]": 1.0
  },
  "y": {
    "y[1,21,0,0]": 1.0,
    "y[4,1,0,0]": 1.0,
    "y[0,4,0,0]": 1.0,
    "y[19,21,0,1]": 1.0,
    "y[0,19,0,1]": 1.0,
    "y[13,21,1,0]": 1.0,
    "y[0,13,1,0]": 1.0,
    "y[8,21,1,1]": 1.0,
    "y[0,8,1,1]": 1.0,
    "y[5,21,1,2]": 1.0,
    "y[0,5,1,2]": 1.0,
    "y[17,21,1,3]": 1.0,
    "y[0,17,1,3]": 1.0,
    "y[2,21,1,4]": 1.0,
    "y[0,2,1,4]": 1.0
  },
  "T1": {},
  "T": {
    "T[0,0]": 10.452556913665749,
    "T[0,1]": 2.417484388581113,
    "T[1,0]": 11.661047971362033,
    "T[1,1]": 8.537380720534097,
    "T[1,2]": 9.476878346829437,
    "T[1,3]": 9.57960729222109,
    "T[1,4]": 7.023772274213912
  },
  "A": {
    "A[0]": 83.38852527780315,
    "A[1]": 84.45067001401895
  },
  "B": {
    "B[0]": 12.870041302246861,
    "B[1]": 46.278686605160566
  },
  "L_w": 60,
  "L_d": 11.666666667,
  "staff_velocity": 0.583334783,
  "drone_velocity": 1.166669566,
  "M_t": 2800,
  "M_d": 5,
  "num_staff": 2,
  "num_drone": 2,
  "use_ejection": true,
  "use_inter": true,
  "use_intra": true,
  "solver": "CPLEX",
  "solver_log": false,
  "num_worker": -1,
  "time_limit": 3600,
  "model_params": {},
  "Optimal": 84.45067001401895,
  "Solve_Time": 3679.4284052848816,
  "num_constraint": 27617,
  "Number of variables": 27185,
  "status": "FEASIBLE"
}